[{
        "id": 1,
        "name": "Hunt Shorbrook",
        "email": "hshorbrook0@sphinn.com",
        "isMale": true,
        "avatar": "https://robohash.org/estpraesentiumvelit.png?size=100x100&set=set1"
    },
    {
        "id": 2,
        "name": "Karine Brasener",
        "email": "kbrasener1@de.vu",
        "isMale": false,
        "avatar": "https://robohash.org/voluptatumnihilminima.png?size=100x100&set=set1"
    },
    {
        "id": 3,
        "name": "Aharon Drillingcourt",
        "email": "adrillingcourt2@reference.com",
        "isMale": false,
        "avatar": "https://robohash.org/corporisutut.png?size=100x100&set=set1"
    },
    {
        "id": 4,
        "name": "Florentia Elcott",
        "email": "felcott3@bravesites.com",
        "isMale": false,
        "avatar": "https://robohash.org/sintreiciendisqui.png?size=100x100&set=set1"
    },
    {
        "id": 5,
        "name": "Edmund Mouan",
        "email": "emouan4@foxnews.com",
        "isMale": true,
        "avatar": "https://robohash.org/occaecatinamhic.png?size=100x100&set=set1"
    },
    {
        "id": 6,
        "name": "Ruddy Rampley",
        "email": "rrampley5@reference.com",
        "isMale": true,
        "avatar": "https://robohash.org/dolorumettenetur.png?size=100x100&set=set1"
    },
    {
        "id": 7,
        "name": "Bronny Palser",
        "email": "bpalser6@squarespace.com",
        "isMale": false,
        "avatar": "https://robohash.org/utquinihil.png?size=100x100&set=set1"
    },
    {
        "id": 8,
        "name": "Austina Taffrey",
        "email": "ataffrey7@sbwire.com",
        "isMale": true,
        "avatar": "https://robohash.org/temporaautvoluptatem.png?size=100x100&set=set1"
    },
    {
        "id": 9,
        "name": "Karen Burds",
        "email": "kburds8@kickstarter.com",
        "isMale": false,
        "avatar": "https://robohash.org/eumautemrerum.png?size=100x100&set=set1"
    },
    {
        "id": 10,
        "name": "Corette Kenion",
        "email": "ckenion9@squarespace.com",
        "isMale": false,
        "avatar": "https://robohash.org/pariaturrepellatpossimus.png?size=100x100&set=set1"
    },
    {
        "id": 11,
        "name": "Devonne Ochterlony",
        "email": "dochterlonya@jugem.jp",
        "isMale": true,
        "avatar": "https://robohash.org/etetsequi.png?size=100x100&set=set1"
    },
    {
        "id": 12,
        "name": "Marris Snodin",
        "email": "msnodinb@tripod.com",
        "isMale": true,
        "avatar": "https://robohash.org/magnivoluptatibuseius.png?size=100x100&set=set1"
    },
    {
        "id": 13,
        "name": "Anitra Cholton",
        "email": "acholtonc@hud.gov",
        "isMale": false,
        "avatar": "https://robohash.org/velitveritatisut.png?size=100x100&set=set1"
    },
    {
        "id": 14,
        "name": "Glennie Stut",
        "email": "gstutd@wordpress.com",
        "isMale": true,
        "avatar": "https://robohash.org/doloremquedoloribussunt.png?size=100x100&set=set1"
    },
    {
        "id": 15,
        "name": "Seana Kaufman",
        "email": "skaufmane@slideshare.net",
        "isMale": true,
        "avatar": "https://robohash.org/etquidemet.png?size=100x100&set=set1"
    },
    {
        "id": 16,
        "name": "Chrisse Rubinsohn",
        "email": "crubinsohnf@bizjournals.com",
        "isMale": true,
        "avatar": "https://robohash.org/consequaturrerummolestiae.png?size=100x100&set=set1"
    },
    {
        "id": 17,
        "name": "Petr Hapgood",
        "email": "phapgoodg@microsoft.com",
        "isMale": false,
        "avatar": "https://robohash.org/rerumeumet.png?size=100x100&set=set1"
    },
    {
        "id": 18,
        "name": "Milicent O'Henecan",
        "email": "mohenecanh@howstuffworks.com",
        "isMale": true,
        "avatar": "https://robohash.org/blanditiissintdolore.png?size=100x100&set=set1"
    },
    {
        "id": 19,
        "name": "Denis Knightly",
        "email": "dknightlyi@merriam-webster.com",
        "isMale": false,
        "avatar": "https://robohash.org/quisetfacere.png?size=100x100&set=set1"
    },
    {
        "id": 20,
        "name": "Cornall Acreman",
        "email": "cacremanj@dagondesign.com",
        "isMale": true,
        "avatar": "https://robohash.org/voluptatemestat.png?size=100x100&set=set1"
    },
    {
        "id": 21,
        "name": "Jacklyn Arndell",
        "email": "jarndellk@mail.ru",
        "isMale": false,
        "avatar": "https://robohash.org/enimmolestiaesapiente.png?size=100x100&set=set1"
    },
    {
        "id": 22,
        "name": "Tye Jenking",
        "email": "tjenkingl@goodreads.com",
        "isMale": false,
        "avatar": "https://robohash.org/etmolestiasarchitecto.png?size=100x100&set=set1"
    },
    {
        "id": 23,
        "name": "Hyacinthe De Bischop",
        "email": "hdebischopm@vk.com",
        "isMale": false,
        "avatar": "https://robohash.org/quonihilipsam.png?size=100x100&set=set1"
    },
    {
        "id": 24,
        "name": "Luce Gellert",
        "email": "lgellertn@wix.com",
        "isMale": true,
        "avatar": "https://robohash.org/consecteturdelenitivero.png?size=100x100&set=set1"
    },
    {
        "id": 25,
        "name": "Reggie Fairholm",
        "email": "rfairholmo@fema.gov",
        "isMale": true,
        "avatar": "https://robohash.org/harumeosdolore.png?size=100x100&set=set1"
    },
    {
        "id": 26,
        "name": "Melisent Spellard",
        "email": "mspellardp@creativecommons.org",
        "isMale": false,
        "avatar": "https://robohash.org/eosomnisat.png?size=100x100&set=set1"
    },
    {
        "id": 27,
        "name": "Felipe Scampion",
        "email": "fscampionq@purevolume.com",
        "isMale": false,
        "avatar": "https://robohash.org/repellendusblanditiisminima.png?size=100x100&set=set1"
    },
    {
        "id": 28,
        "name": "Mikey Bruineman",
        "email": "mbruinemanr@oaic.gov.au",
        "isMale": false,
        "avatar": "https://robohash.org/asperioresreiciendiscum.png?size=100x100&set=set1"
    },
    {
        "id": 29,
        "name": "Shellysheldon Bradfield",
        "email": "sbradfields@mapy.cz",
        "isMale": true,
        "avatar": "https://robohash.org/etnihilcupiditate.png?size=100x100&set=set1"
    },
    {
        "id": 30,
        "name": "Hannie Bettam",
        "email": "hbettamt@creativecommons.org",
        "isMale": true,
        "avatar": "https://robohash.org/esterroranimi.png?size=100x100&set=set1"
    },
    {
        "id": 31,
        "name": "Aymer Nurny",
        "email": "anurnyu@nbcnews.com",
        "isMale": false,
        "avatar": "https://robohash.org/nihilexercitationemaut.png?size=100x100&set=set1"
    },
    {
        "id": 32,
        "name": "Wilona Mitroshinov",
        "email": "wmitroshinovv@vkontakte.ru",
        "isMale": false,
        "avatar": "https://robohash.org/inestculpa.png?size=100x100&set=set1"
    },
    {
        "id": 33,
        "name": "Berget Bram",
        "email": "bbramw@dell.com",
        "isMale": false,
        "avatar": "https://robohash.org/omnisexercitationemipsa.png?size=100x100&set=set1"
    },
    {
        "id": 34,
        "name": "Hetti Weathers",
        "email": "hweathersx@dmoz.org",
        "isMale": true,
        "avatar": "https://robohash.org/atqueestvoluptatem.png?size=100x100&set=set1"
    },
    {
        "id": 35,
        "name": "Jerry Vaughan",
        "email": "jvaughany@cmu.edu",
        "isMale": true,
        "avatar": "https://robohash.org/adipisciofficiavoluptatem.png?size=100x100&set=set1"
    },
    {
        "id": 36,
        "name": "Glyn Hilling",
        "email": "ghillingz@cbc.ca",
        "isMale": false,
        "avatar": "https://robohash.org/repudiandaeestqui.png?size=100x100&set=set1"
    },
    {
        "id": 37,
        "name": "Colan Liddiatt",
        "email": "cliddiatt10@google.cn",
        "isMale": false,
        "avatar": "https://robohash.org/omnisnemobeatae.png?size=100x100&set=set1"
    },
    {
        "id": 38,
        "name": "Mechelle Verillo",
        "email": "mverillo11@fema.gov",
        "isMale": true,
        "avatar": "https://robohash.org/repellendusestlaborum.png?size=100x100&set=set1"
    },
    {
        "id": 39,
        "name": "Franny Hendrichs",
        "email": "fhendrichs12@thetimes.co.uk",
        "isMale": true,
        "avatar": "https://robohash.org/accusamuseaquemollitia.png?size=100x100&set=set1"
    },
    {
        "id": 40,
        "name": "Pepito Celiz",
        "email": "pceliz13@newyorker.com",
        "isMale": true,
        "avatar": "https://robohash.org/pariaturetqui.png?size=100x100&set=set1"
    },
    {
        "id": 41,
        "name": "Audie Fradson",
        "email": "afradson14@indiatimes.com",
        "isMale": false,
        "avatar": "https://robohash.org/consequaturestut.png?size=100x100&set=set1"
    },
    {
        "id": 42,
        "name": "Sallee Pardi",
        "email": "spardi15@newyorker.com",
        "isMale": false,
        "avatar": "https://robohash.org/quiadoloremest.png?size=100x100&set=set1"
    },
    {
        "id": 43,
        "name": "Berky Purselowe",
        "email": "bpurselowe16@ucsd.edu",
        "isMale": true,
        "avatar": "https://robohash.org/absaepenon.png?size=100x100&set=set1"
    },
    {
        "id": 44,
        "name": "Bidget McPartlin",
        "email": "bmcpartlin17@sohu.com",
        "isMale": false,
        "avatar": "https://robohash.org/suscipitaperiamut.png?size=100x100&set=set1"
    },
    {
        "id": 45,
        "name": "Waylen Dalgardno",
        "email": "wdalgardno18@unc.edu",
        "isMale": true,
        "avatar": "https://robohash.org/quiacupiditatequidem.png?size=100x100&set=set1"
    },
    {
        "id": 46,
        "name": "Vassily Hefferan",
        "email": "vhefferan19@ifeng.com",
        "isMale": true,
        "avatar": "https://robohash.org/ipsavoluptatemquisquam.png?size=100x100&set=set1"
    },
    {
        "id": 47,
        "name": "Brennan Itzak",
        "email": "bitzak1a@163.com",
        "isMale": false,
        "avatar": "https://robohash.org/nihilmollitiaprovident.png?size=100x100&set=set1"
    },
    {
        "id": 48,
        "name": "Gerti Piscot",
        "email": "gpiscot1b@ca.gov",
        "isMale": true,
        "avatar": "https://robohash.org/consequaturtemporepraesentium.png?size=100x100&set=set1"
    },
    {
        "id": 49,
        "name": "Taffy Quadrio",
        "email": "tquadrio1c@washington.edu",
        "isMale": false,
        "avatar": "https://robohash.org/ametrerumaut.png?size=100x100&set=set1"
    },
    {
        "id": 50,
        "name": "Othella Cowherd",
        "email": "ocowherd1d@accuweather.com",
        "isMale": false,
        "avatar": "https://robohash.org/sedillumvero.png?size=100x100&set=set1"
    },
    {
        "id": 51,
        "name": "Wyndham Brumpton",
        "email": "wbrumpton1e@forbes.com",
        "isMale": true,
        "avatar": "https://robohash.org/istenequebeatae.png?size=100x100&set=set1"
    },
    {
        "id": 52,
        "name": "Damara Whittock",
        "email": "dwhittock1f@disqus.com",
        "isMale": false,
        "avatar": "https://robohash.org/asperioresrerumrepellat.png?size=100x100&set=set1"
    },
    {
        "id": 53,
        "name": "Marilee Beccera",
        "email": "mbeccera1g@google.es",
        "isMale": false,
        "avatar": "https://robohash.org/harumenimquis.png?size=100x100&set=set1"
    },
    {
        "id": 54,
        "name": "Berget Corradetti",
        "email": "bcorradetti1h@i2i.jp",
        "isMale": false,
        "avatar": "https://robohash.org/eaquetemporaeos.png?size=100x100&set=set1"
    },
    {
        "id": 55,
        "name": "Alaric Jakubovski",
        "email": "ajakubovski1i@globo.com",
        "isMale": true,
        "avatar": "https://robohash.org/estetconsequatur.png?size=100x100&set=set1"
    },
    {
        "id": 56,
        "name": "Lenna Elan",
        "email": "lelan1j@simplemachines.org",
        "isMale": true,
        "avatar": "https://robohash.org/architectoomnisut.png?size=100x100&set=set1"
    },
    {
        "id": 57,
        "name": "Cristal Cope",
        "email": "ccope1k@umich.edu",
        "isMale": true,
        "avatar": "https://robohash.org/molestiaeexercitationemnatus.png?size=100x100&set=set1"
    },
    {
        "id": 58,
        "name": "Pietro Regelous",
        "email": "pregelous1l@cpanel.net",
        "isMale": false,
        "avatar": "https://robohash.org/inciduntsaepererum.png?size=100x100&set=set1"
    },
    {
        "id": 59,
        "name": "Gusti Sissland",
        "email": "gsissland1m@huffingtonpost.com",
        "isMale": false,
        "avatar": "https://robohash.org/nobisasperioresaut.png?size=100x100&set=set1"
    },
    {
        "id": 60,
        "name": "Wendie Huelin",
        "email": "whuelin1n@dyndns.org",
        "isMale": false,
        "avatar": "https://robohash.org/estinqui.png?size=100x100&set=set1"
    },
    {
        "id": 61,
        "name": "Leeann Gepp",
        "email": "lgepp1o@businessweek.com",
        "isMale": false,
        "avatar": "https://robohash.org/reprehenderitdoloribusfuga.png?size=100x100&set=set1"
    },
    {
        "id": 62,
        "name": "Sapphire Bolingbroke",
        "email": "sbolingbroke1p@4shared.com",
        "isMale": false,
        "avatar": "https://robohash.org/sednihilincidunt.png?size=100x100&set=set1"
    },
    {
        "id": 63,
        "name": "Elbertina Tash",
        "email": "etash1q@360.cn",
        "isMale": true,
        "avatar": "https://robohash.org/assumendaadcorrupti.png?size=100x100&set=set1"
    },
    {
        "id": 64,
        "name": "Emmett Kernes",
        "email": "ekernes1r@delicious.com",
        "isMale": true,
        "avatar": "https://robohash.org/magniillumdolorem.png?size=100x100&set=set1"
    },
    {
        "id": 65,
        "name": "Correy Ebbin",
        "email": "cebbin1s@guardian.co.uk",
        "isMale": true,
        "avatar": "https://robohash.org/utnisirem.png?size=100x100&set=set1"
    },
    {
        "id": 66,
        "name": "Seymour McArte",
        "email": "smcarte1t@nps.gov",
        "isMale": false,
        "avatar": "https://robohash.org/maximevoluptaspariatur.png?size=100x100&set=set1"
    },
    {
        "id": 67,
        "name": "Joly O' Clovan",
        "email": "joclovan1u@pcworld.com",
        "isMale": true,
        "avatar": "https://robohash.org/veroporroreprehenderit.png?size=100x100&set=set1"
    },
    {
        "id": 68,
        "name": "Nobe Lacrouts",
        "email": "nlacrouts1v@nature.com",
        "isMale": true,
        "avatar": "https://robohash.org/molestiasmagnamid.png?size=100x100&set=set1"
    },
    {
        "id": 69,
        "name": "Dyanne Bourgour",
        "email": "dbourgour1w@nature.com",
        "isMale": true,
        "avatar": "https://robohash.org/nonperferendisporro.png?size=100x100&set=set1"
    },
    {
        "id": 70,
        "name": "Brynna Benedettini",
        "email": "bbenedettini1x@loc.gov",
        "isMale": true,
        "avatar": "https://robohash.org/etconsecteturvoluptas.png?size=100x100&set=set1"
    },
    {
        "id": 71,
        "name": "Emelia Jursch",
        "email": "ejursch1y@cafepress.com",
        "isMale": true,
        "avatar": "https://robohash.org/officiisinadipisci.png?size=100x100&set=set1"
    },
    {
        "id": 72,
        "name": "Ardeen Bowra",
        "email": "abowra1z@sfgate.com",
        "isMale": false,
        "avatar": "https://robohash.org/autsedalias.png?size=100x100&set=set1"
    },
    {
        "id": 73,
        "name": "Bernelle Pollen",
        "email": "bpollen20@hud.gov",
        "isMale": false,
        "avatar": "https://robohash.org/corporisessealiquid.png?size=100x100&set=set1"
    },
    {
        "id": 74,
        "name": "Geraldine Murrigans",
        "email": "gmurrigans21@lycos.com",
        "isMale": true,
        "avatar": "https://robohash.org/quaeratconsequaturcorrupti.png?size=100x100&set=set1"
    },
    {
        "id": 75,
        "name": "Margette Antos",
        "email": "mantos22@gov.uk",
        "isMale": true,
        "avatar": "https://robohash.org/undeasperioresdolor.png?size=100x100&set=set1"
    },
    {
        "id": 76,
        "name": "Konstantine Foote",
        "email": "kfoote23@blogspot.com",
        "isMale": false,
        "avatar": "https://robohash.org/beataerepellatdolore.png?size=100x100&set=set1"
    },
    {
        "id": 77,
        "name": "Ramsey Zecchinii",
        "email": "rzecchinii24@bloglovin.com",
        "isMale": false,
        "avatar": "https://robohash.org/architectodictaiure.png?size=100x100&set=set1"
    },
    {
        "id": 78,
        "name": "Welch Burehill",
        "email": "wburehill25@tiny.cc",
        "isMale": false,
        "avatar": "https://robohash.org/eligendiodiorerum.png?size=100x100&set=set1"
    },
    {
        "id": 79,
        "name": "Bax Burgill",
        "email": "bburgill26@godaddy.com",
        "isMale": false,
        "avatar": "https://robohash.org/aspernaturnammolestiae.png?size=100x100&set=set1"
    },
    {
        "id": 80,
        "name": "Adrian Fawdry",
        "email": "afawdry27@cam.ac.uk",
        "isMale": false,
        "avatar": "https://robohash.org/minusnonomnis.png?size=100x100&set=set1"
    },
    {
        "id": 81,
        "name": "Ozzy Linsley",
        "email": "olinsley28@time.com",
        "isMale": true,
        "avatar": "https://robohash.org/quoanimiet.png?size=100x100&set=set1"
    },
    {
        "id": 82,
        "name": "Hayley Seczyk",
        "email": "hseczyk29@posterous.com",
        "isMale": true,
        "avatar": "https://robohash.org/abautducimus.png?size=100x100&set=set1"
    },
    {
        "id": 83,
        "name": "Chariot Cluley",
        "email": "ccluley2a@kickstarter.com",
        "isMale": false,
        "avatar": "https://robohash.org/quitemporadeserunt.png?size=100x100&set=set1"
    },
    {
        "id": 84,
        "name": "Magnum Larratt",
        "email": "mlarratt2b@bigcartel.com",
        "isMale": false,
        "avatar": "https://robohash.org/consequunturetdeserunt.png?size=100x100&set=set1"
    },
    {
        "id": 85,
        "name": "Bertrand Peyton",
        "email": "bpeyton2c@people.com.cn",
        "isMale": true,
        "avatar": "https://robohash.org/remipsumdeleniti.png?size=100x100&set=set1"
    },
    {
        "id": 86,
        "name": "Sarge Flooks",
        "email": "sflooks2d@squidoo.com",
        "isMale": false,
        "avatar": "https://robohash.org/laudantiumcorruptisit.png?size=100x100&set=set1"
    },
    {
        "id": 87,
        "name": "Adrian Castanie",
        "email": "acastanie2e@slashdot.org",
        "isMale": true,
        "avatar": "https://robohash.org/idarchitectoid.png?size=100x100&set=set1"
    },
    {
        "id": 88,
        "name": "Dane Monument",
        "email": "dmonument2f@nationalgeographic.com",
        "isMale": false,
        "avatar": "https://robohash.org/odioasperioresharum.png?size=100x100&set=set1"
    },
    {
        "id": 89,
        "name": "Jozef Perrottet",
        "email": "jperrottet2g@yolasite.com",
        "isMale": true,
        "avatar": "https://robohash.org/estnullavel.png?size=100x100&set=set1"
    },
    {
        "id": 90,
        "name": "Freda Romney",
        "email": "fromney2h@barnesandnoble.com",
        "isMale": true,
        "avatar": "https://robohash.org/nihilquiesse.png?size=100x100&set=set1"
    },
    {
        "id": 91,
        "name": "Sunny Brangan",
        "email": "sbrangan2i@123-reg.co.uk",
        "isMale": false,
        "avatar": "https://robohash.org/delectusomnisvoluptatum.png?size=100x100&set=set1"
    },
    {
        "id": 92,
        "name": "Denny Wentworth",
        "email": "dwentworth2j@nationalgeographic.com",
        "isMale": true,
        "avatar": "https://robohash.org/voluptatumipsumculpa.png?size=100x100&set=set1"
    },
    {
        "id": 93,
        "name": "Putnem Guiden",
        "email": "pguiden2k@thetimes.co.uk",
        "isMale": true,
        "avatar": "https://robohash.org/estullamanimi.png?size=100x100&set=set1"
    },
    {
        "id": 94,
        "name": "Hayes Rivel",
        "email": "hrivel2l@pagesperso-orange.fr",
        "isMale": false,
        "avatar": "https://robohash.org/cumqueinquas.png?size=100x100&set=set1"
    },
    {
        "id": 95,
        "name": "Theadora Entwistle",
        "email": "tentwistle2m@ft.com",
        "isMale": false,
        "avatar": "https://robohash.org/maximeetdolore.png?size=100x100&set=set1"
    },
    {
        "id": 96,
        "name": "Arlan Beevens",
        "email": "abeevens2n@networkadvertising.org",
        "isMale": false,
        "avatar": "https://robohash.org/quiaetconsequatur.png?size=100x100&set=set1"
    },
    {
        "id": 97,
        "name": "Doy Matejovsky",
        "email": "dmatejovsky2o@forbes.com",
        "isMale": false,
        "avatar": "https://robohash.org/utaperiameum.png?size=100x100&set=set1"
    },
    {
        "id": 98,
        "name": "Stillmann Shepheard",
        "email": "sshepheard2p@naver.com",
        "isMale": true,
        "avatar": "https://robohash.org/namautemdeserunt.png?size=100x100&set=set1"
    },
    {
        "id": 99,
        "name": "Babs Brimacombe",
        "email": "bbrimacombe2q@amazon.com",
        "isMale": false,
        "avatar": "https://robohash.org/minusducimuseaque.png?size=100x100&set=set1"
    },
    {
        "id": 100,
        "name": "Rey Sember",
        "email": "rsember2r@scribd.com",
        "isMale": false,
        "avatar": "https://robohash.org/commodiadipiscisapiente.png?size=100x100&set=set1"
    }
]